Split Number,Permutation Number,Mean Accuracy
1,1,-0.0012383252421203064
1,2,-0.014424024741861552
2,1,-0.0012383252421203064
2,2,-0.014424024741861552
