Iteration,Duration (s)
10,1.2530744075775146
2,1.550710678100586
8,1.7319540977478027
4,1.7377865314483643
6,1.7346775531768799
5,1.8008244037628174
7,1.8144266605377197
1,1.8373358249664307
9,1.8414306640625
3,1.859626293182373
Total,3.3216874599456787
